Filename,Status,Paragraph
P005.pdf,Publishable,"This paper is publishable due to its novel and comprehensive approach to clothing segmentation and identification. It effectively addresses the challenges of diverse clothing styles, human poses, and numerous categories using a two-stage data-driven method. The system, leveraging techniques like exemplar SVM and graph cuts, demonstrates superior performance compared to existing methods on established and newly developed datasets. The well-documented methodology, quantitative evaluation, and introduction of a new dataset focusing on high-resolution street fashion images further strengthen its contribution to the field, making it suitable for a reputable computer vision or machine learning venue.
"
P011.pdf,Publishable,"This paper offers a novel and comprehensive solution to a crucial problem in A/B testing: detecting heterogeneous treatment effects (HTE) while controlling the false discovery rate (FDR). It introduces two robust methods, HTE-BH and HTE-Knockoff, well-explained and supported by both theoretical foundations and practical applications, including real-world data from Snap. The paper demonstrates effectiveness, acknowledges limitations, and suggests future improvements. Its relevance to industry practitioners and valuable contribution to data-driven decision-making make it publishable.
"
P039.pdf,Unpublishable,"The paper is unpublishable due to its incoherent structure, lack of methodology, and excessive nonsensical jargon. It lacks clear research questions, logical transitions, and a rigorous experimental design. Its reliance on convoluted language and pseudoscientific concepts undermines credibility. The findings presented are fantastical and unverifiable, lacking meaningful discussion and analysis. Overall, the paper fails to meet the standards of academic rigor and clarity required for publication.
"
P038.pdf,Unpublishable,"The paper is unpublishable due to its blend of legitimate concepts with pseudoscientific claims. Paranormal factors, emotional resonance, and metaphysical implications are introduced without empirical support. Methodologies involve bizarre elements, like caffeine-sensitive fungal networks and espresso-themed pinball machines. Results are sensationalized and lack scientific rigor, undermining the credibility of the work. While creative, the paper veers into fantasy rather than empirical science, failing to meet the standards for academic publication due to its speculative nature and unsubstantiated claims.
"
P010.pdf,Publishable,"This paper introduces MB-CAL, a novel reinforcement learning approach for recommender systems, tackling sample efficiency and variance reduction â€“ key challenges in the field. The method is well-justified with strong theoretical grounding and robust, insightful experimental results on real-world datasets, demonstrably outperforming existing methods in both batch and growing batch settings. Its innovative counterfactual comparison technique effectively reduces variance. The clear presentation, innovative methodology, and potential for significant real-world impact make this work a valuable contribution and a strong candidate for publication in a top-tier venue.
"
P004.pdf,Publishable,"This paper introduces a novel and impactful approach: Training-Free Graph Neural Networks (TF-GNNs) leveraging labels as features (LAF). It demonstrates theoretically and empirically that LAF enhances GNN expressiveness, enabling competitive performance without training and faster convergence with optional training. This concept addresses practical limitations of computationally expensive GNNs by innovatively utilizing transductive features. The work includes extensive experiments showing significant improvements and is well-structured, making it a valuable contribution suitable for publication.
"
P012.pdf,Publishable,"This paper is highly publishable due to its rigorous resolution of a significant discrepancy in language model scaling laws. It meticulously reconciles the conflicting findings of Kaplan and Chinchilla through detailed analysis and experimental validation. The work identifies key methodological differences, providing a clear, analytical framework. Its well-structured approach, data-driven evidence, and actionable recommendations for future standardization contribute significantly to the field. The paper's clarity, thoroughness, and technical soundness make it a valuable and impactful contribution to the scientific community.
"
P006.pdf,Unpublishable,"This paper is unpublishable due to a severe lack of scientific rigor and coherence. While touching upon valid research like high-throughput genomic sequencing in marine ecology, it's undermined by the inclusion of pseudoscience such as tarot cards, AI-generated imaginary genomes, interpretive dance, and astrology. The methodology lacks logical consistency, the conclusions are irrelevant, and the paper abruptly shifts focus to unrelated topics like autonomous car cockpits. These issues compromise its credibility and render it unsuitable for publication in a serious scientific journal.
"
P007.pdf,Publishable,"This paper presents a novel and significant contribution to discourse parsing by introducing a joint syntacto-discourse approach.  It addresses limitations of existing pipelined methods with an end-to-end span-based parser leveraging LSTMs and a new joint treebank. Experimental results consistently demonstrate state-of-the-art performance in end-to-end discourse parsing, even with limited data. By simplifying preprocessing and outperforming existing systems, the paper offers a unified representation and robust parsing, making it a valuable and publishable advancement in NLP and discourse analysis.
"
P013.pdf,Publishable,"This paper is publishable due to its novel application of pattern attribution from vision to NLP, successfully interpreting neural network decisions. It addresses a critical need for interpretable explanations in complex models, demonstrated through well-designed experiments. The improved quality criterion for signal estimators further enhances the method's effectiveness. Results convincingly show the identification of meaningful signals, like sentiment-bearing bigrams, offering clear and interpretable insights. The work's clear methodology, strong motivation, and contribution to model interpretability make it suitable for publication.
"
P017.pdf,Unpublishable,"Based on the provided points, the paper is *not* unpublishable. In fact, all three excerpts strongly suggest the opposite: the paper has strong potential for publication. They highlight the novelty of the approach, its comprehensive methodology, improvements over existing benchmarks, and clear presentation. While further refinement is mentioned, the core ideas and results are consistently praised as warranting dissemination and making the paper a strong candidate for publication. The combination of technical innovation and practical application strengthens the argument for its publishability. Therefore, claiming it's unpublishable is inaccurate based on the provided information.
"
P003.pdf,Unpublishable,"The paper is unpublishable due to a severe lack of focus and coherence. It awkwardly blends unrelated topics like financial market simulation, explainable reinforcement learning, astrology, surrealistic art, and fungal bioluminescence in vertical farming. The abstract and introduction present conflicting themes, and the methodology fails to unify these disparate elements. The disjointed structure, inconsistent tone, and absence of a clear, rigorous scientific narrative undermine the paper's credibility and make it unsuitable for publication in its current state. It needs a unified theme and a coherent, scientifically sound methodology.
"
P002.pdf,Unpublishable,"The paper is unpublishable due to its incoherence and lack of academic rigor. It presents a nonsensical collection of unrelated ideas, failing to establish a clear thesis, methodology, or logical flow. Absurd claims and irrelevant tangents, spanning from virus propagation to ancient Mesopotamian architecture and bizarre connections like pastry chefs, render the paper meaningless. Its content reads more like creative writing than a research paper, lacking any demonstrable scientific basis and failing to meet academic standards. Essentially, it offers no contribution to any field of study.
"
P016.pdf,Unpublishable,"The paper's unpublishability stems from its excessive speculation, methodological weaknesses, and a rambling narrative. It lacks coherence, haphazardly mixing fringe theories with established concepts, thus damaging its credibility. Unorthodox elements like ""moral downloading"" and ""crop circles"" diminish academic rigor. While ambitious in its interdisciplinary approach, the execution lacks focus, failing to produce actionable insights or testable hypotheses. It reads as a speculative essay rather than a rigorous scientific study, rendering it unsuitable for peer-reviewed publication.
"
P028.pdf,Publishable,"The paper is publishable due to its novelty in tackling grounded language disambiguation with visual context, addressing a critical gap in multimodal research. The LAVA corpus is a valuable resource. The approach, extending sentence recognition models to handle ambiguity using first-order logic and new predicates, demonstrates innovation and yields promising initial results. The work is well-grounded, methodologically sound, and comprehensive, covering syntactic, semantic, and discourse ambiguities. The paper offers a clear presentation, significant potential impact on areas like language acquisition and multimodal processing, and opens new avenues for research, making it suitable for a top-tier venue.
"
P014.pdf,Unpublishable,"While the paper presents a novel CNN-LSTM-temporal convolution approach with promising results on AVA ActiveSpeaker, it currently lacks the detail expected for publication. Specifically, insufficient information is provided on experimental setup, hyperparameters, and a comprehensive comparison against other state-of-the-art methods beyond the baseline. The results section is also too brief, lacking thorough discussion and in-depth analysis. Despite the well-defined methodology, innovative components, and performance gains, these missing details hinder reproducibility and limit the paper's overall impact. Therefore, it is unpublishable in its current form.
"
P015.pdf,Unpublishable,"Despite some positive aspects like a comprehensive overview of autonomous driving challenges and detailed analysis of methods, the paper is currently unpublishable due to significant issues with clarity and coherence. The disorganized structure, complex sentences, and lack of clear transitions make it difficult to understand. Furthermore, numerous grammatical errors and typos detract from the paper's professionalism. While the content may be technically robust, these presentational flaws hinder its accessibility and impact, requiring substantial revision before it can be considered for publication.
"
P001.pdf,Unpublishable,"The paper is unpublishable in its current state due to significant shortcomings in clarity, completeness, and rigor. The methodology lacks sufficient detail, particularly regarding data processing and parameter optimization. The absence of baseline comparisons for the reported MSE loss and accuracy renders the results difficult to interpret and validate. Furthermore, inconsistencies in terminology, unclear explanations, and a weak conclusion contribute to a lack of coherence. Significant revisions are needed to address these fundamental issues before the paper can be considered for publication.
"
P029.pdf,Publishable,"The OpenOMNI paper presents a valuable, open-source framework addressing key challenges in multimodal conversational systems, namely latency, accuracy, and data privacy. Its comprehensive architecture, benchmarking capabilities, and modular design offer a robust platform for researchers and developers, potentially accelerating advancements in the field. While not groundbreaking, the framework's focus on real-world applications, such as assisting visually impaired individuals, coupled with detailed evaluations and a clear structure, makes it a strong candidate for publication. Minor refinements could further enhance its impact and clarity.
"
P099.pdf,Publishable,"This paper presents a novel and internationally excellent (3*) approach to enhancing LSTM-based video narration through linguistic insights. It introduces innovative fusion techniques (early, late, deep) and distributional word representations. The rigorous evaluation, using automated metrics and human judgments on multiple large datasets (YouTube, MPII-MD, M-VAD), demonstrates significant improvements in grammatical correctness and descriptive quality. These findings, addressing a key challenge in video captioning, contribute valuable, generalizable techniques to NLP and computer vision, making it a strong and publishable addition to the literature.
"
P066.pdf,Publishable,"This paper is publishable due to its novel and well-motivated vocabulary transfer approach to language model compression, addressing a pressing need for efficient NLP models. It demonstrates significant speedups and compression with minimal performance degradation across diverse datasets. The methodology is clear and the evaluation thorough, including integration with knowledge distillation. The paper's focus on practical applicability, real-world relevance, and strategic trade-offs between efficiency and accuracy make it a valuable contribution and align it with current research trends.
"
P072.pdf,Publishable,"This paper warrants publication due to its rigorous evaluation of two prominent adversarial defenses, Pixel Deflection and HGD, under a white-box attack. Utilizing established methodologies like PGD and BPDA, the authors convincingly demonstrate the defenses' vulnerability, effectively reducing classifier accuracy. The findings are novel, highlighting limitations in current defense mechanisms, and the clearly presented methodology, coupled with open-source code, ensures reproducibility and enhances the paper's impact. The work addresses a critical issue, is technically sound, and provides valuable insights for future research in robust adversarial defense strategies.
"
P112.pdf,Publishable,"This paper is publishable due to its novel approach to genomic sequence representation using graph neural networks and contrastive learning. It effectively integrates metagenomic context and structural information, outperforming existing methods in key tasks like edit distance approximation. The methodology is well-defined, and the comprehensive experiments demonstrate robust and generalizable results. The clear presentation, significant improvements over baselines, and potential for broader applications in computational biology make it a valuable contribution worthy of publication in a high-quality bioinformatics or machine learning venue.
"
P106.pdf,Unpublishable,"The paper is unpublishable due to a severe lack of scientific rigor and the inclusion of pseudoscientific elements. While it touches upon potentially valuable BCI research using EEG, fNIRS, and advanced algorithms, it's undermined by unsubstantiated claims involving lunar phases, subconscious resonance, and other nonsensical concepts. The methodology is flawed, results lack validation, and the paper digresses into unrelated topics. This incoherent structure, combined with a fundamental lack of scientific grounding, renders the work unsuitable for publication in a reputable journal, despite some promising core research directions.
"
P107.pdf,Unpublishable,"The paper is unpublishable due to its severe lack of scientific rigor and focus. It deviates significantly from its initial topic of neural networks for weather forecasting, incorporating unsubstantiated concepts like astrology, dream analysis, and fungal growth. The methodology is vague and experimental design disjointed. The paper suffers from excessive verbosity, poor structure, and irrelevant tangents, undermining its credibility and hindering any potential contribution to weather forecasting or artificial intelligence research.  It needs substantial revision to address these critical flaws.
"
P113.pdf,Publishable,"This paper presents a publishable novel approach to MAS control by integrating GNNs and MBRL. The methodology, which combines GNN dynamics models with CEM-optimized MPC, is well-defined and shows promise for real-world applications like autonomous driving.  Experimental results demonstrate a significant improvement in collision avoidance compared to baselines, nearing ground truth performance. The comprehensive and well-structured presentation, covering methodology, experiments, and conclusions, makes the paper suitable for a conference or journal publication. Minor revisions for clarity and readability would further enhance its impact.
"
P073.pdf,Unpublishable,"The paper is unpublishable due to a fundamental lack of academic rigor and coherence. It presents outlandish claims and unsubstantiated connections across disparate fields without evidence or scientific validity. The methodology is fantastical and unreliable, with inconsistent results. The structure is incoherent, jumping between unrelated topics with verbose and convoluted language. Key elements like research questions, methods, data, and conclusions are missing or obscured. While original, the paper fails to contribute meaningfully to scientific knowledge, reading more like a whimsical, nonsensical experiment unsuitable for peer review.
"
P067.pdf,Unpublishable,"The paper presents a valuable API for accessing FrameNet within NLTK, but conflicting reviews highlight critical issues. While one reviewer praises its contribution and clarity, another finds it verbose, poorly organized, and lacking concrete examples. The core disagreement centers on readability and practical demonstration of the API's utility. Before publication, the paper requires significant restructuring, concise writing, clearer examples, and a more focused demonstration of its advantages over existing methods, addressing concerns about excessive verbosity and lack of clarity.
"
P098.pdf,Unpublishable,"The paper, while demonstrating originality and potential significance in blockchain-based carbon trading, is currently unpublishable due to a severe lack of focus and coherence. It haphazardly mixes disparate topics like robotic exoskeletons and bizarre, unscientific concepts like hamster wheels for power. This, coupled with convoluted writing, insufficient data, and inconsistent methodology including ""exoskeleton-based yoga"" and ""trained octopuses"", detracts from its credibility. The paper requires significant revision to establish a clear research question, a focused topic, and a scientifically sound methodology.
"
P071.pdf,Publishable,"This paper presents a novel and significant investigation into the often-overlooked role of fillers in spoken language understanding. Rigorous methodology, utilizing BERT and varied token representations, demonstrates that incorporating fillers enhances language modeling perplexity and improves performance on tasks like confidence and sentiment prediction. Findings contribute to new thinking in spoken language processing by proving fillers are informative. The clear argument, thorough experimentation, and well-documented results make it a valuable and publishable contribution to the field. The paper is well-structured and written, making it suitable for a reputable NLP venue.
"
P065.pdf,Publishable,"The paper is publishable due to its novel investigation into recursive inpainting (RIP) on Stable Diffusion, an under-explored area. It provides a thorough, well-structured empirical analysis demonstrating image degradation analogous to model collapse, using established metrics and multiple neural networks for robustness. The methodology is clear, experiments are comprehensive, and findings offer significant insights into AI stability, making it a valuable and timely contribution to the field of generative AI. The discussion of limitations and future research avenues further strengthens its publishable quality.
"
P059.pdf,Publishable,"This paper warrants publication due to its novel and impactful application of positional encoding to RNNs, addressing a previously unrecognized challenge in training RNNs with large vocabularies. It demonstrates, counterintuitively, that positional encoding enhances RNN performance by mitigating gradient instability caused by infrequent tokens, a common issue with extensive vocabularies. Supported by comprehensive experiments and a well-structured analysis, the research provides valuable insights into gradient stability and token frequency, broadening our understanding of positional encoding's utility beyond transformers and significantly contributing to neural network research.
"
P105.pdf,Unpublishable,"The paper is unpublishable due to its utter lack of scientific rigor and coherence. It presents a nonsensical jumble of unrelated concepts, ranging from pastry dough and habanero peppers to subatomic particles and folk dances, without any logical connection or valid data. The methodology describes impossible experiments, and the results are equally absurd. The paper lacks a clear thesis, testable hypotheses, and meaningful analysis, relying instead on pseudo-scientific jargon and fictional elements. Ultimately, it fails to meet the standards of academic validity.
"
P111.pdf,Publishable,"This paper merits publication due to its novel approach of using Bayesian Neural Networks (BNNs) within Bayesian Optimization (BO) to address complex scientific problems. It demonstrates that BNNs, especially with physics-informed priors, outperform traditional Gaussian Processes (GPs) as surrogate models. The work is well-structured, methodologically sound, and validated through extensive experiments across physics and chemistry. Its clear presentation, insightful discussions, and potential for broader application in scientific and engineering domains further strengthen its publishability in a reputable venue.
"
P110.pdf,Publishable,"Based on these reviews, the paper is publishable because it introduces LIDA, a novel and open-source dialogue annotation tool addressing a recognized gap in NLP. Its strength lies in handling the entire annotation pipeline, integrating ML recommendations, and resolving inter-annotator disagreements. These unique features and modular design make LIDA a valuable contribution to dialogue dataset creation. While evaluation could be more comprehensive, the paper is well-structured, clearly demonstrates LIDA's effectiveness and potential impact, suggesting it could catalyze new thinking in the field, making it a strong candidate for publication.
"
P104.pdf,Publishable,"This paper introduces CONCORD, a novel and effective framework that leverages pre-trained NLI models to improve the self-consistency and accuracy of LLMs without fine-tuning. CONCORD addresses the critical issue of logical inconsistency in LLM predictions. Through a well-motivated methodology, thorough experiments across diverse tasks like QA, VQA, and information injection, the paper demonstrates significant and consistent improvements in both accuracy and consistency. The ablation studies and relation type analysis further solidify the contributions, making it a valuable and publishable work in the field of LLM research.
"
P058.pdf,Publishable,"This paper is publishable due to its novel and counterintuitive finding: positional encoding, traditionally for transformers, significantly improves RNN performance, especially with large vocabularies. The well-structured research demonstrates this through clear methodologies, comprehensive experiments, and detailed analyses. It addresses gradient instability caused by infrequent tokens, supported by empirical evidence, synthetic benchmarks, and gradient stability analyses. The paper is technically sound, well-written, and offers valuable insights, contributing meaningfully to the field of machine learning.
"
P064.pdf,Unpublishable,"While the reviews praise the paper's novelty, methodology, results, and contribution to open-source LLMs and multimodal tool use, they also highlight weaknesses. One review specifically notes a lack of detail regarding tool selection and a weak ablation study.  Although the overall impact is considered positive, these concerns need to be addressed to strengthen the work's rigor and provide a more convincing argument for its reliability and practical applicability.  Therefore, unless these shortcomings are adequately resolved, the paper would be unpublishable in its current state.
"
P070.pdf,Unpublishable,"The paper is unpublishable due to its incoherent structure, lack of focus, and overly speculative nature. It presents disconnected ideas, jumping between unrelated topics like LLMs, quantum mechanics, and culinary arts without a central thesis. The methodology is vague and lacks detail, rendering replication impossible, while the results section offers unsubstantiated claims without supporting evidence. Excessive jargon, convoluted sentences, and a general lack of rigor further contribute to its unsuitability for academic publication. The paper resembles a disorganized stream of consciousness rather than a structured, scientifically sound study.
"
P048.pdf,Unpublishable,"The paper is unpublishable due to its lack of scientific rigor, logical coherence, and empirical evidence. The abstract and introduction present nonsensical connections between protein synthesis and unrelated concepts, resembling surrealist literature rather than scientific inquiry. The inclusion of absurd elements and whimsical metaphors, combined with a lack of clear research questions, methodology, or coherent results, undermines the paper's credibility. While creative, the paper fails to establish plausible connections or contribute to the advancement of the subject, making it unsuitable for reputable scientific journals.
"
P074.pdf,Unpublishable,"Based on the provided reviews, the paper isn't unpublishable. It consistently receives positive feedback, highlighting a well-structured approach, clear methodology, and competitive results in a specific challenge. While not groundbreaking, the paper showcases innovation through its application of SegFormer, ensemble strategies, and test-time augmentation. The reviews acknowledge potential applications and future directions. The only significant criticism is minor writing clarity issues, which can be addressed through revisions, making rejection unlikely. Overall, the paper is deemed suitable for publication in a relevant conference or journal.
"
P060.pdf,Publishable,"This paper presents a novel and effective background subtraction method utilizing adaptive pixel-wise kernel variances within a hybrid feature space. It tackles key challenges like illumination changes and dynamic backgrounds, outperforming state-of-the-art techniques on standard benchmarks. The clear methodology, comprehensive experimentation, and insightful analysis demonstrate the originality and practical value of the approach. The efficient variance selection heuristic and robustness to complex scenes further strengthen its contribution, making it a valuable and publishable advancement in the field.
"
P128.pdf,Publishable,"This paper is publishable due to its novel adaptation of a span-based coreference model for end-to-end discourse deixis resolution in dialogue, a challenging and under-investigated area. The proposed task-specific extensions significantly improve performance, achieving state-of-the-art results across multiple datasets. A comprehensive evaluation, including error analysis and clear explanation of model extensions, provides valuable insights for the NLP community. While improvements might be incremental, the well-researched approach, detailed methodology, and justified conclusions contribute significantly to the field. The paper's thoroughness and empirical validation make it a valuable contribution.
"
P100.pdf,Unpublishable,"The paper is unpublishable due to its utter lack of scientific rigor, coherence, and basis in reality. It presents a nonsensical collection of unrelated topics with absurd correlations and fictional terminology, resembling a surrealist narrative more than a scholarly work. The abstract exemplifies this, weaving together concepts like quantum jellyfish and pastry recipes without a clear research question, methodology, or meaningful results. The use of made-up terms further undermines its credibility, rendering it unfit for any serious academic publication.
"
P114.pdf,Publishable,"This paper is publishable due to its novel integration of empathetic AI and generative art for personalized portraits. It offers a well-defined, interdisciplinary approach combining AI, psychology, and art, supported by a detailed system architecture and participant evaluation. The real-time interactive system, incorporating established psychological models and AI techniques, contributes significantly to computational creativity. Its clear structure, thorough explanations, and empirical evidence from demonstration outcomes, demonstrating the system's functionality, align with current research trends, making it a strong candidate for publication.
"
P115.pdf,Publishable,"The paper demonstrates publishability through its valuable and comprehensive overview of LMMs. It effectively synthesizes recent advancements, explores vision-language integration, highlights key methodologies like instruction tuning, and discusses emerging topics. Detailed case studies, clear identification of research gaps and a roadmap for future research bolster its significance. Practical insights, like building LMMs with open-source tools, add further value. While conciseness could be improved in some sections, the paper's overall quality, relevance to current academic discourse, and valuable contribution to the field justify publication.
"
P101.pdf,Publishable,"This paper warrants publication due to its novel application of Convolutional LSTM for disease detection in volumetric medical images with limited annotations, a significant challenge in radiology.  The methodology is well-defined and demonstrates clear improvements over existing methods (CNN and MIL), achieving impressive results like a high AUC.  The paper's strength lies in its practical approach, utilizing weakly annotated data, enhancing scalability, and offering easy retraining for other disease-detection problems. The comprehensive approach, detailed explanations, and innovative spatial pattern recognition contribute significantly to the field.
"
P129.pdf,Unpublishable,"The paper is unpublishable due to its incoherence and lack of scientific validity. It presents a jumble of unrelated concepts, including pastry dough, quantum mechanics, and fantastical elements, without logical connections. The writing is verbose and absurd, failing to establish a clear research question, sound methodology, or verifiable results. References to pseudo-scientific concepts like ""flux capacitor analysis"" further disqualify it. The paper lacks the clarity, focus, and academic rigor required for publication in any reputable scientific journal.
"
P061.pdf,Publishable,"This paper on LeOCLR presents a novel and effective contrastive learning framework that tackles the semantic information loss problem in existing methods by utilizing original images. It consistently outperforms state-of-the-art approaches across diverse benchmarks, including ImageNet, in linear evaluation, semi-supervised learning, transfer learning, and object detection. The comprehensive experiments, ablation studies, and clear methodology convincingly demonstrate the effectiveness and robustness of LeOCLR. The well-structured paper offers significant contributions to visual representation learning, making it highly suitable for publication in a top-tier conference or journal.
"
P075.pdf,Publishable,"This paper is publishable because it tackles the challenging problem of multi-step inference from instructional videos with a novel and technically sound approach. It demonstrates clear methodology, effective use of video-text alignment and sophisticated techniques, and comprehensive experiments including ablation studies. The results show significant improvements and offer valuable insights into grounding methods and inference strategies. The paper provides a detailed and reproducible methodology, making a significant contribution to the field of video-based question answering and AI assistance.
"
P049.pdf,Publishable,"This paper is highly publishable due to its novel self-adaptive inference mechanism for semantic segmentation, significantly improving out-of-distribution generalization, a key challenge in deep learning. The approach, combining parameter refinement and dynamic batch normalization, achieves state-of-the-art results in synthetic-to-real-world adaptation using only a single test sample. Rigorous evaluations across diverse datasets and model architectures demonstrate consistent and compelling improvements in accuracy and calibration. The clear structure, detailed methodology, thorough comparisons, and robust results establish its contribution and warrant publication in a reputable venue.
"
P088.pdf,Publishable,"This paper warrants publication due to its novel approach to defining and quantifying modularity in neural networks using functional similarity measures. It addresses a significant gap in the literature with a comprehensive methodology, including eight distinct similarity measures and extensive empirical analysis. The findings, particularly regarding dropout's impact and the misalignment of upstream/downstream representations, are unexpected and insightful, challenging conventional wisdom. The clear structure, rigorous analysis, and valuable implications for representation learning and neural network design make this a significant contribution with international relevance.
"
P063.pdf,Publishable,"This paper is publishable due to its internationally relevant and comprehensive analysis of crucial aspects of AI research. It offers valuable insights into representation transferability and the dynamics of global AI research, particularly the disconnect between US and Chinese communities, supported by robust methodology and well-documented results. The study reveals significant regional biases and fragmentation in citation patterns, highlighting important implications for collaboration, knowledge transfer, and ethical alignment. Despite acknowledged limitations, the paper's findings contribute meaningfully to understanding the global AI landscape, making it a worthwhile addition to the literature.
"
P077.pdf,Unpublishable,"The paper is unpublishable due to a severe lack of scientific rigor and coherence. It haphazardly connects unrelated concepts, such as LLMs, quasar radiation, and Greenland shark mating, without establishing plausible links or research questions. Methodologies are outlandish and lack scientific basis, while results are fantastical and lack empirical support. The paper reads more like science fiction, filled with pseudoscientific jargon and unsubstantiated claims. It lacks a clear focus, testable hypotheses, and adherence to academic writing conventions, requiring significant revisions and a focused research framework.
"
P117.pdf,Publishable,"This paper presents a novel and well-executed approach to image tagging, ""FastTag,"" leveraging word vector spaces for efficient zero-shot learning. The discovery of a ""principal direction"" for tag ranking is insightful. Extensive experiments on established datasets demonstrate superior performance and adaptability in handling both seen and unseen tags. The work extends zero-shot learning to multi-label classification, a significant contribution. Clear explanations, detailed experiments, and a well-structured presentation make it publishable in a reputable venue due to its originality, significance, and rigor.
"
P103.pdf,Publishable,"This paper is publishable due to its comprehensive study on natural language to command-line translation, addressing a critical need in software development. It details the NLCCMD competition, providing task descriptions, dataset specifications, and thorough model evaluations. The paper introduces novel metrics like verification by execution and energy efficiency, offering valuable insights and lessons learned. The discussion of alternative metrics and future directions enhances its academic value, making a significant contribution to the field. The work is well-structured, technically sound, and internationally excellent.
"
P102.pdf,Publishable,"This paper is publishable due to its valuable contribution to the relatively unexplored area of car-related computer vision tasks. It introduces CompCars, a large-scale, cross-modality dataset with diverse car views, parts, and attributes, filling a gap in existing research. The paper demonstrates the dataset's utility through experiments in car model classification, attribute prediction, and verification, establishing strong baselines for future work. The comprehensive analysis, rich annotations, and performance improvements validate the dataset's effectiveness and make it a valuable resource for advancing fine-grained car analysis.
"
P116.pdf,Publishable,"This paper presents a publishable advancement in decision tree algorithms. It introduces the Top-K feature selection method, a novel yet practical approach that enhances accuracy and scalability, especially in high-dimensional datasets. Solid theoretical backing, comprehensive empirical validation against benchmarks, and a clear analysis of trade-offs support its claims. The paper thoughtfully addresses scalability and interpretability concerns, while the thoroughness of the experimental design and clarity of writing ensure accessibility and reproducibility. Ultimately, Top-K offers a significant improvement over traditional methods and is worthy of publication.
"
P076.pdf,Unpublishable,"The paper is unpublishable due to its disjointed structure, lack of focus, and inclusion of unsubstantiated claims. It jumps between topics like autonomous vehicles and nanosensors without a clear thesis. The methodology is weak and introduces implausible elements, such as using musical vibrations to enhance sensor sensitivity, lacking scientific rigor. The conclusions are overly speculative and disconnected from the initial research questions. Overall, it lacks the coherence, clarity, and empirical evidence required for academic publication.
"
P062.pdf,Publishable,"The paper is publishable due to its novel and well-defined method for preserving equivariance when adapting large pretrained models. Its approach features a clear methodology and a carefully designed regularization term, resulting in demonstrable improvements in both task performance and equivariance preservation across various datasets. The comprehensive evaluation, robust analysis, and clear writing showcase the significance and accessibility of the work. The acknowledgement of limitations and outline of future research directions further solidify its contribution to the field, making it suitable for a reputable machine learning publication.
"
P089.pdf,Publishable,"This paper is publishable due to its significant refinement of NTK approximation theory. It establishes a tighter, more favorable error bound valid for longer training times than previous work, demonstrated rigorously with detailed proofs and a converse theorem proving tightness.  The findings are applicable to mean-field neural networks and utilize novel technical contributions like a bound on product integrals. The paper is well-structured, presenting clear mathematical derivations and insightful discussions, contributing significantly to the understanding of lazy training and neural network dynamics.
"
P084.pdf,Publishable,"This paper demonstrates strong publishability due to its novel application of LLMs to analyze computer vision trends over two decades. It leverages a clearly defined and robust methodology, including inter-rater reliability and regression analysis, to assess the field's alignment with established AI principles like the ""Hard Won Lesson."" The findings offer valuable insights into the growing emphasis on general-purpose learning and scalability, contributing meaningfully to the understanding and future direction of machine learning and computer vision research. The acknowledgment of limitations and ethical considerations further strengthens its credibility.
"
P090.pdf,Publishable,"Based on these reviews, the paper is publishable due to its **novel and significant contribution** to equivariant adaptation of large pretrained models. It tackles a crucial problem, especially in **low-data regimes**, with a **well-structured and technically sound methodology**.  The paper builds on established research, provides **comprehensive experiments with consistent improvements** over baselines, and offers a **detailed analysis and validation**. Despite potential computational cost considerations, the **practical value, potential impact, and comprehensive approach** make it a strong candidate for publication in a reputable venue.
"
P047.pdf,Unpublishable,"This paper is unpublishable due to its chaotic and incoherent nature. It lacks a clear thesis, logical reasoning, and scientific rigor, presenting a nonsensical amalgamation of unrelated topics and absurd comparisons. The writing style resembles stream-of-consciousness prose, hindering comprehension and rendering the content meaningless. The absence of a defined methodology, results, or meaningful conclusion, coupled with irrelevant ""related works,"" signifies a failure to contribute to any field of study and disqualifies it from publication in any reputable venue.
"
P053.pdf,Unpublishable,"This paper is unpublishable due to its fundamental flaws: incoherence, lack of focus, and reliance on absurd, fictitious concepts. It combines unrelated fields like microprocessor design, culinary arts, and theoretical physics without logical connection. The absence of a clear research question, methodology, or meaningful data, coupled with nonsensical jargon and irrelevant examples (e.g., ""aerodynamics of chocolate cake""), renders it unsuitable for academic publication. The paper prioritizes humor and fantastical claims over substantiated analysis, failing to meet basic standards of rigor and clarity.
"
P133.pdf,Publishable,"The paper is publishable due to its novel approach to discontinuous constituent parsing, framing it as sequence labeling. This offers a potentially simpler and faster alternative to traditional methods. The innovative encoding of tree discontinuities as nearly ordered permutations demonstrates learnability and theoretical soundness. While performance might not yet be state-of-the-art, the paper's contributions, including thorough methodology, clear exposition, and promising results, warrant publication to stimulate further research and offer valuable insights into handling parsing discontinuities.
"
P127.pdf,Publishable,"This paper is publishable because it addresses the timely and critical issue of privacy threats posed by machine learning. It provides a comprehensive overview of mitigation strategies, emphasizing interdisciplinary collaboration and participatory methods. The paper is well-structured, offers a balanced perspective by considering both data and model-centric approaches, and includes real-world examples and ethical considerations. It highlights the importance of anti-surveillance technology design and acknowledges the disproportionate impact on marginalized groups, making it a valuable and relevant contribution to the field.
"
P126.pdf,Publishable,"The paper presents a novel causal inference algorithm addressing latent confounders with a practical single-proxy approach. It claims improved performance, robustness, and scalability compared to existing methods, supported by a rigorous theoretical foundation, extensive simulations, and real-world validation. This addresses a significant gap in the field. The clear methodology, comprehensive results, and demonstrable superiority contribute to its publishability, particularly in machine learning or statistics journals focusing on causal inference. The potential for widespread impact further strengthens its case.
"
P132.pdf,Unpublishable,"The paper is unpublishable due to a severe lack of scientific rigor and credibility. While original, the inclusion of bizarre elements like disco music and glitter in sourdough microbiome analysis undermines its validity. The methodology is unclear, results are nonsensical, and the tone is inconsistent, resembling satire more than scientific research. Outlandish claims lack supporting evidence and plausible explanations. The paper fails to meet the standards for publication in a reputable scientific journal, requiring rigorous validation and a focus on empirical data to be considered remotely viable.
"
P052.pdf,Publishable,"This paper introduces ADNN, a novel neural network for automated financial feature engineering, a crucial area for quantitative trading. ADNN demonstrates superiority over existing methods like Genetic Programming by generating more diverse and informative features, leading to enhanced multi-factor strategies. Rigorous experimentation validates its performance, showing improvements in key financial metrics. The methodology is well-structured, incorporating domain-specific knowledge and advanced deep learning techniques. The innovation, practical applications, and comprehensive evaluation make this a strong, publishable contribution to the fields of finance and machine learning.
"
P046.pdf,Publishable,"This paper warrants publication due to its novel ""symbiotic attack"" on GNNs, merging poisoning and evasion techniques for superior adversarial effectiveness. It offers a significant contribution to GNN robustness by demonstrating the limitations of individual attacks. The research is comprehensive, featuring clear methodology, robust experiments on benchmark datasets, and comparisons with existing methods, showcasing scalability. Its impact lies in highlighting the vulnerability of GNNs to combined threats, necessitating further research. The paper's clear structure, technical soundness, and potential to improve GNN security measures solidify its publishability.
"
P091.pdf,Publishable,"This paper is publishable due to its novel application of NER to challenging call center transcripts, addressing a practical privacy concern. The paper demonstrates international quality by introducing a custom corpus and a robust BiLSTM-CRF model with contextual string embeddings, achieving state-of-the-art results. It thoroughly analyzes the impact of these custom embeddings and provides detailed insights into handling ASR errors and conversational context. The rigorous methodology, comprehensive analysis, and clear presentation of results make it a strong contribution to NLP and privacy compliance, despite data privacy limitations.
"
P085.pdf,Publishable,"This paper is publishable due to its timely and relevant discussion on privacy evaluation in tabular synthetic data, a field lacking standardized assessment methods. It bridges gaps in the literature by providing a comprehensive overview of existing approaches, including mathematical, statistical, and computer scientific techniques. The paper systematically categorizes privacy risks, highlights limitations, and proposes valuable future research directions for both researchers and practitioners. Its clear structure, thorough definitions, and interdisciplinary focus make it a strong contribution, enhancing both theoretical understanding and practical application despite minor areas for improvement.
"
P093.pdf,Unpublishable,"Based on the provided summaries, the paper is **not** unpublishable. All three summaries highlight the paper's positive aspects: novelty in early stopping for DIP, practical applicability, robustness, comprehensive experimentation, clear methodology, and outperformance of existing methods. While one summary notes it's ""not profoundly groundbreaking,"" it still recognizes the work as a valuable contribution. The consistent positive assessment of the paper's structure, clarity, and thoroughness strongly suggests it is suitable for publication.
"
P087.pdf,Publishable,"This paper presents a publishable novel framework for feature tracking in challenging video conditions. It effectively addresses limitations in low-light, noisy environments, and occlusion by incorporating a low-rank regularization penalty into the Lucas-Kanade algorithm. The method demonstrates robust performance on both rigid and non-rigid motions, improving tracking accuracy through information sharing between features.  Its real-time capability, implementation using OpenCV, and validation with both real and synthetic data, including quantitative results, further solidify its value and contribution to computer vision and machine learning. This makes it a strong candidate for publication.
"
P050.pdf,Publishable,"This paper is publishable due to its novel interpretation strategies for neural models in NLI, focusing on attention and LSTM gating signals. It advances the field by using saliency maps for model understanding, providing insights beyond simple attention weight visualizations. The work addresses a critical gap in understanding deep learning decision-making in NLP and introduces innovative, insightful visualizations and comparisons, particularly demonstrated in the ESIM model case study. The well-supported methodology and significant contributions, with potential applications across NLP tasks, make it a strong candidate for publication.
"
P044.pdf,Publishable,"This paper is publishable due to its introduction of CropNet, a novel and substantial multimodal dataset filling a crucial void in climate-aware crop yield prediction. CropNet's integration of satellite imagery, meteorological data, and yield statistics enables comprehensive analysis. Its value is amplified by detailed data collection, diverse experiments demonstrating its utility with deep learning, and a user-friendly API package. Thorough evaluation, including ablation studies, validates CropNet's effectiveness, solidifying its significant contribution and publishability.
"
P078.pdf,Unpublishable,"Despite its creative premise, the paper is unpublishable due to a lack of scientific rigor and clarity. The methodology is vague, unsupported claims are made regarding CMB data, and the results are speculative rather than empirical. Extraneous digressions, hyperbolic language, and unsubstantiated claims like predicting avian migration or astrophysical phenomena detract from its credibility. It requires significant restructuring, a clearer hypothesis, robust data, and a verifiable experimental design to meet academic standards. The absence of these elements renders the paper unsuitable for publication in its current state.
"
P124.pdf,Unpublishable,"The paper is unpublishable due to a fundamental lack of coherence, scientific rigor, and credibility. While seemingly starting with a relevant topicâ€”predictive maintenanceâ€”it quickly veers into absurdity with unsubstantiated methods like ""data whispering"" and ""time series astrology.""  The experimental design is vague, and the inclusion of irrelevant tangents, such as VR therapy for PTSD and references to ""unicorn airspeed velocity,"" destroys the paper's focus.  These nonsensical elements, combined with a lack of clear methodology and reproducibility, render the paper unsuitable for any reputable publication.
"
P130.pdf,Unpublishable,"This paper, while creative and entertaining, is unpublishable due to severe methodological flaws and unsubstantiated claims. The use of unscientific techniques like a Ouija board undermines the validity of the findings. The results are presented hyperbolically and lack empirical support, often defying logic. Absurd and contradictory conclusions, such as ""precisely jokes per hour"" and the impact of potted plants, lack plausible explanations. The overall tone is overly whimsical, failing to meet the standards of academic research and making it unsuitable for peer review.
"
P118.pdf,Publishable,"This paper presents a novel and effective approach (DSDS) for low-resource POS tagging, achieving state-of-the-art results by intelligently integrating diverse distant supervision sources within a unified neural framework. The method excels through careful instance selection, leveraging lexical information, and employing pre-trained embeddings.  Robust results are demonstrated across multiple languages, showcasing the method's effectiveness even with incomplete data. The paper is well-structured, with thorough experiments and insightful analysis, providing a significant contribution to cross-lingual learning and low-resource NLP. Its findings are valuable for the NLP community.
"
P119.pdf,Unpublishable,"The submission is unpublishable due to its lack of scientific rigor, coherent structure, and meaningful analysis. It's a parody filled with nonsensical statements, absurd correlations, and fictional concepts, devoid of verifiable data and logical flow. The absence of a clear hypothesis, methodology, results, and conclusions further disqualifies it. Jargon and pseudoscientific language obscure any potential meaning, rendering it unsuitable for academic publication. Ultimately, its value lies in creative writing, not scientific contribution.
"
P131.pdf,Publishable,"This paper warrants publication due to its innovative and well-executed approach to disentanglement. It leverages pretrained CNNs with task-specific fine-tuning and learned aggregation, demonstrably improving disentanglement metrics, evidenced by a second-place finish in a competition and leading performance on specific metrics. The paper clearly outlines the methodology, acknowledges limitations, and discusses the transferability of learned features. The work addresses shortcomings in existing research, provides valuable insights into disentangled representation learning, and contributes significantly to the depth and breadth of research in this field.
"
P125.pdf,Publishable,"This paper warrants publication due to its novel benchmark, DiscoSense, which effectively evaluates LLMs' commonsense reasoning via discourse connectives. DiscoSense fills a crucial gap by challenging state-of-the-art models, exposing their limitations. The innovative conditional adversarial filtering generates robust distractors, enhancing the dataset's difficulty and value. The paper provides comprehensive analysis, including error analysis and transfer learning experiments, offering valuable insights. Public release of the dataset and code further solidifies its contribution to the field and facilitates future research. The clear writing and well-structured presentation enhance its impact.
"
P079.pdf,Publishable,"OmniPrint presents a novel, highly configurable synthetic data generator addressing a gap in resources for printed character machine learning. Its ability to produce diverse datasets with custom distortions, coupled with its focus on ease of use, makes it a valuable tool for expanding research range. The paper is well-structured, clearly articulating motivation, design, and practical applications. The public GitHub release enhances reproducibility. While further empirical validation would strengthen it, the innovation, clarity, and utility make it a strong candidate for publication in a machine learning or computer vision venue.
"
P045.pdf,Publishable,"This paper convincingly demonstrates a novel and valuable multi-teacher distillation approach (AM Radio) for vision foundation models. It effectively merges diverse models, achieving superior performance and efficiency, particularly with the introduced E-Radio architecture. Comprehensive experiments across various benchmarks like ImageNet and vision-language tasks showcase significant improvements. The paper offers a well-detailed methodology, thorough evaluation, and valuable insights into model efficiency, making it a strong candidate for publication in a top-tier venue. Its contributions are well-supported by strong experimental evidence, solidifying its significance to the field.
"
P051.pdf,Publishable,"This paper is publishable due to its novel and practical real-time unsupervised domain adaptation method for POS tagging, a significant problem in NLP. It overcomes the limitations of batch learning in evolving data streams by achieving comparable accuracy without requiring pre-existing target data. Rigorous experimentation, including established datasets and the FLORS tagger, demonstrates consistent improvement over static methods. The clear methodology, comprehensive evaluation, and potential for real-time NLP applications solidify its value and justify publication. The well-structured presentation further enhances its accessibility and impact.
"
P086.pdf,Unpublishable,"The paper is unpublishable due to its lack of coherence, focus, and scientific rigor. It presents nonsensical connections between unrelated topics like fossils, baking, and quantum mechanics, lacking a clear thesis, methodology, results, or conclusions. The writing is verbose, filled with irrelevant tangents, and relies on unsupported claims and bizarre analogies. Resembling a stream-of-consciousness ramble, it fails to demonstrate originality or contribute meaningfully to understanding within established paradigms, making it unsuitable for a reputable scientific journal.
"
P092.pdf,Publishable,"These reviews consistently praise the paper's innovative approach to image compression using deep residual networks and sub-pixel convolution. The methodology is well-defined, with comprehensive experiments exploring kernel sizes, network depth, and upsampling techniques. Critically, the paper demonstrates improved MS-SSIM under strict bit rate constraints, representing a significant advancement in the field. The inclusion of comparisons to existing methods, analysis of computational complexity, and detailed model complexity analysis further strengthens the paper's rigor and justifies publication in a relevant journal or conference.
"
P096.pdf,Unpublishable,"The paper is unpublishable due to its incoherence, lack of methodological rigor, and nonsensical content. It haphazardly connects unrelated topics like volcanic eruptions, recipes, and narwhal migration without a clear hypothesis or logical flow. The writing is verbose and lacks focus, offering no meaningful insights or evidence-based conclusions. Its absurd tone undermines credibility, rendering it unsuitable for any serious academic publication.
"
P082.pdf,Publishable,"The paper presents a valuable, well-structured, and modular PyTorch library significantly expanding research capabilities in disentanglement learning. It addresses a critical need with comprehensive implementations, diverse algorithm support, and relevant evaluation metrics. Its proven utility through top performance in the Disentanglement Challenge and robust experimental validation using MPID datasets, coupled with clear methodology, justify publication. The library's public availability ensures community adoption and further development, solidifying its contribution to the field.
"
P069.pdf,Unpublishable,"The paper is unpublishable due to its incoherent structure, nonsensical connections, and lack of scientific rigor. It haphazardly merges unrelated topics like BERT, snail racing, and quantum mechanics without logical basis or meaningful analysis. The methodology is absent, results are incoherent, and the writing is verbose, hindering comprehension. While creative, the paper lacks substance, failing to present a coherent argument or contribute to any scholarly discussion. Its absurd and unserious nature renders it unsuitable for any reputable academic journal, making it more akin to satirical fiction.
"
P055.pdf,Publishable,"Based on the reviews, the paper shows potential but requires revisions for publishability. Review 1 suggests it's valuable with original research and insights. Review 3 emphasizes the well-structured exploration, valuable insights, and actionable recommendations. While Review 2 highlights methodological flaws (small sample size, lack of rigor, tangential discussions, weak conclusions), the positive aspects from other reviews suggest a revised version addressing these concerns could be publishable. Specifically, strengthening the methodology, clarifying arguments, and refining the structure would significantly improve its chances.
"
P041.pdf,Unpublishable,"The paper is unpublishable due to its heavy reliance on pseudoscience, conspiracy theories, and speculative fiction, lacking a coherent methodology, clear objectives, and rigorous analysis. Concepts like ""virtual ley lines"" and ""digital symbiosis"" are presented without scientific grounding. The integration of ancient conspiracy theories into reinforcement learning lacks validation, and the results are sensationalized. The absence of empirical evidence and structured argument renders the paper unsuitable for academic publication, making it more akin to creative writing.
"
P109.pdf,Publishable,"Based on the provided summaries, the paper is publishable due to its rigorous exploration of multimodal hate speech detection in memes. It presents a clear methodology, introduces a novel bidirectional cross-attention mechanism, and utilizes deep ensembles, leading to improved performance over benchmarks. The paper comprehensively compares transformer models, analyzes pre-training data impact, and offers actionable insights into model effectiveness and limitations. It tackles a relevant societal issue with technically sound research, making a worthwhile and incremental contribution to the field.
"
P121.pdf,Publishable,"This paper is publishable due to its novel ""plasticity injection"" approach, addressing the significant problem of plasticity loss in deep reinforcement learning. Its strength lies in the well-defined methodology, featuring a diagnostic framework, mitigation strategy, and dynamic capacity allocation. Rigorous experimentation demonstrates statistically significant improvements over baselines across diverse environments, supported by ablation studies. The modular design and detailed analysis enhance applicability and reproducibility, offering a practical and effective solution to a critical challenge. The research presents a valuable contribution, warranting publication at a 3* level.
"
P135.pdf,Publishable,"These reviews consistently highlight the paper's novelty in addressing decentralized stochastic variational inequalities, particularly for GAN training. The algorithm's flexibility in handling dynamic networks, local updates, and data heterogeneity is praised. Strong theoretical convergence guarantees, validated by experiments on GANs and other problems, support the method's efficacy. The analysis provides actionable insights into network properties and data heterogeneity, making it a valuable contribution to both theoretical and practical aspects of decentralized learning, justifying its publication.
"
P134.pdf,Unpublishable,"This paper is unpublishable due to a fundamental lack of scientific rigor and coherence. It presents a stream-of-consciousness narrative, erratically jumping between unrelated topics, including fantastical and pseudoscientific concepts with terms like ""flumplenooks"" and ""dnatons."" The methodology is unclear, claims are unsupported, and the text is repetitive and often nonsensical. It lacks a clear hypothesis, valid methodology, meaningful results, and proper citations, making it unsuitable for any reputable scientific journal and contributing nothing to any field.
"
P120.pdf,Publishable,"The paper presents Diagnnose, a novel open-source toolkit addressing a crucial need in deep learning interpretability, particularly for NLP models. Its comprehensive suite of methods, including syntactic evaluations, diagnostic classifiers, and feature attributions, offers researchers valuable tools for analyzing neural network activations. The paper clearly details Diagnnose's architecture, functionality, and demonstrates its utility with a subject-verb agreement case study. Its modular design, compatibility with popular libraries, and contribution to open-source resources make it a valuable addition to the field, warranting publication and potentially earning a 3* or 4* rating.
"
P108.pdf,Publishable,"This paper is publishable due to its innovative approach to adapting speech technology for low-resource languages. It bridges phonological typology and speech processing by presenting a novel framework for evaluating cross-linguistic consistency and proposing a method for phoneme inventory induction. The research addresses a significant gap in the field, offering valuable insights and potential solutions for multilingual speech processing. While preliminary, the methodology is sound and the experiments provide valuable insights. The work is well-motivated, theoretically grounded, and contributes to both linguistic studies and NLP applications, justifying publication in a relevant venue.
"
P040.pdf,Publishable,"This paper presents a novel deep learning approach for integrating CFD into architectural design, enabling near real-time simulation and reverse design. The well-defined methodology, utilizing CNNs to predict wind flow and generate building volumes, demonstrates significant potential for sustainable design. Clear results, a practical case study, and a discussion of future directions strengthen the paper's contribution. The work effectively addresses a gap in current design processes, offering a technically sound and relevant solution with the potential to impact both architectural design and CFD applications, thus making it publishable.
"
P054.pdf,Publishable,"This paper warrants publication due to its comprehensive investigation of 3D food reconstruction, a vital area for computer vision and nutritional science. It meticulously details a novel workshop and challenge, highlighting advancements in volume and shape modeling through innovative methodologies like physically-aware reconstruction. The rigorous evaluation pipeline and promising results, demonstrating improved accuracy in portion estimation, underscore the paper's significant contribution and potential for real-world applications in dietary assessment and health monitoring. Its structured approach, detailed methodology, and contribution to solving real-world problems make it valuable for the scientific community.
"
P068.pdf,Publishable,"This paper is publishable due to its novel Feature Flow Net (FFNet) addressing key challenges in vehicle-infrastructure cooperative object detection: temporal asynchrony and bandwidth limitations. FFNet innovatively transmits compressed feature flow, achieving improved detection accuracy and communication efficiency, rigorously demonstrated on a large-scale dataset. Its modular design and adaptive compression enhance robustness and flexibility. The well-defined methodology, comprehensive analysis, and clear presentation of results make it a valuable contribution with significant potential for real-world impact, suitable for a reputable venue.
"
P083.pdf,Publishable,"This paper offers a publishable, data-driven investigation into citation bias between Chinese and American NeurIPS researchers. Its novel methodology, using citation graph analysis, reveals a concerning regional divide with significant implications for international collaboration and knowledge exchange. The findings, though acknowledging limitations, are compelling and contribute valuable insights into cultural and ethical disparities within AI research. The well-structured analysis, robust methodology, and discussion of consequences prompt a crucial conversation about fostering greater collaboration and understanding, making it a strong candidate for publication.
"
P097.pdf,Unpublishable,"The paper is unpublishable due to a severe lack of scientific rigor and coherence. It substitutes imaginative writing for empirical evidence, drawing nonsensical connections between unrelated topics like wave mechanics and mythical creatures. The methodology is flawed, results are presented narratively instead of as data, and the paper lacks a clear thesis, logical structure, and verifiable conclusions. The inclusion of jokes, puns, and fantastical elements further detracts from any scholarly value, rendering it unsuitable for academic publication. Ultimately, the paper is an exercise in creativity, not a serious scientific contribution.
"
P081.pdf,Unpublishable,"The paper is unpublishable due to a severe lack of scientific rigor and credibility. It presents outlandish claims, like insect-inspired lighting inducing telepathy and euphoria, without empirical evidence or plausible mechanisms. The methodology is vague, relying on subjective observations instead of controlled experiments. Overly sensational language, bizarre tangents, and the absence of ethical considerations further detract from any potential value. While originality is appreciated, the paper fails to meet basic academic standards, rendering it unsuitable for publication in a reputable scientific journal.
"
P095.pdf,Publishable,"This paper warrants publication due to its significant advancements in hierarchical reinforcement learning, exemplified by winning the MineRL competition. The proposed JueWu MC method introduces novel techniques like action-aware representation learning and discriminator-based self-imitation learning, leading to improved sample efficiency and superior performance against existing baselines. Rigorous experiments, including ablation studies and visualizations, comprehensively validate the approach. Its clear methodology, well-defined problem statement, and impactful results demonstrate a major contribution to solving complex, open-world environments, solidifying its publishability.
"
P042.pdf,Publishable,"This paper presents a novel and well-validated semantic similarity metric (DeepSim) for image registration, demonstrating significant improvements in accuracy, convergence speed, and noise robustness compared to existing methods. Its application in medical imaging addresses crucial challenges, potentially reducing radiation exposure and improving diagnostics. The clear methodology, robust experimental design, and statistically significant results across diverse datasets, coupled with potential for reducing model testing and carbon emissions, strongly support its publishability and contribution to the field.
"
P056.pdf,Unpublishable,"This paper is unpublishable due to its incoherent structure and reliance on nonsensical jargon like ""flumplenook theory"" and ""thromble widgets"" or ""wizzle whim."" It lacks clear research objectives, jumps between unrelated topics without logical transitions, and presents no methodology, results, or meaningful conclusions. The inclusion of irrelevant tangents, like culinary arts or extreme ironing, further undermines any academic rigor. Ultimately, its rambling, stream-of-consciousness style and fabricated concepts render it unsuitable for any reputable journal or conference. The paper reads more like satire than serious academic work.
"
P122.pdf,Publishable,"This paper presents a novel and practical precipitation nowcasting approach using satellite imagery, addressing a critical gap in regions lacking radar coverage. The methodology is well-detailed, combining satellite data with NWP models and machine learning. Results demonstrate comparable performance to radar-based systems, validated by ground station data and user engagement, significantly expanding potential audience reach. The paper is comprehensive, with clear contributions, robust experimentation, and a discussion of limitations, making it suitable for publication in a reputable journal. Its real-world impact and potential for global scalability further strengthen its publishability.
"
P123.pdf,Publishable,"This paper presents a novel and effective approach to sentiment analysis by leveraging diverse emoji data for distant supervision. It achieves state-of-the-art results across multiple NLP benchmarks for emotion, sentiment, and sarcasm detection, demonstrating practical applicability. Rigorous validation through thorough experiments, including the innovative ""chain thaw"" fine-tuning method, and comprehensive analyses support the claims. The public availability of the pre-trained model and online demo further enhances its impact. Its innovative methodology, strong results, and clear presentation make it a valuable contribution suitable for publication.
"
P057.pdf,Publishable,"This paper demonstrates publishable merit through its novel integration of AI and human creativity in a collaborative painting experience. It offers a well-defined methodology combining technical details and real-world artistic application, sparking new thinking in human-machine interaction. The paper effectively addresses the potential impact on both artistic creation and broader HCI, while also acknowledging the subjective artistic experience. By advancing the fields of AI, HCI, and art, it offers a valuable addition to academic literature and presents a strong case for the publication.
"
P043.pdf,Unpublishable,"The paper is unpublishable due to a severe lack of scientific rigor, originality, and significance. It employs nonsensical methodologies and absurd correlations, lacking any scientific basis or credible evidence. The content is a convoluted mix of scientific jargon and whimsical, unrelated concepts, resembling a parody or stream-of-consciousness ramble. It lacks a coherent thesis, logical progression, and meaningful analysis, making it unsuitable for academic publication. Its creativity doesn't compensate for its failure to adhere to scientific principles.
"
P094.pdf,Unpublishable,"The paper is unpublishable due to its fundamental flaws in coherence, rigor, and significance. It presents a nonsensical collection of unrelated concepts without a clear argument or supporting evidence. The methodology is nonexistent, resulting in meaningless results. The structure is incoherent, lacking a thesis and logical flow. Statements are absurd, demonstrating a disconnect from reality and scientific principles. The paper resembles a stream-of-consciousness parody, failing to contribute meaningfully to any field and lacking the necessary qualities of scholarly work. Its overall lack of academic merit renders it unsuitable for publication.
"
P080.pdf,Publishable,"This paper presents a publishable study on utilizing LLMs as author checklist assistants for scientific papers. It offers a clear, novel application of LLMs in academic publishing, demonstrated by a robust methodology involving live deployment at a conference. Comprehensive analysis of survey data, author feedback, and submission changes provides valuable insights into the tool's usefulness, benefits, and limitations. The findings significantly contribute to understanding how LLMs can enhance research quality and improve efficiency in scientific workflows, making it a worthwhile addition to the literature.
"
P024.pdf,Publishable,"The paper is publishable due to its novel ""FLIP"" label-only backdoor attack, targeting a significant, understudied vulnerability in ML. It demonstrates a comprehensive methodology with thorough experimentation across diverse datasets, architectures, and defenses, providing valuable insights into attack effectiveness, efficiency, and robustness. The work clearly communicates its findings' implications for attackers and defenders, advocating for a paradigm shift in ML security and highlighting the need for new defense mechanisms, ultimately making a significant contribution to adversarial machine learning.
"
P030.pdf,Publishable,"This paper warrants publication due to its novel and practical approach to memory optimization in dynamic shape compilers. It addresses a critical challenge in large-scale deep learning through innovative symbolic shape analysis and efficient operation scheduling and rematerialization strategies implemented in the BladeDISC system.  Compelling experimental results, particularly on LLaMA, demonstrate substantial memory reduction comparable to static shape training, offering a significant advantage. The well-documented methodology and clear contributions provide valuable insights to the compiler community and pave the way for wider adoption of dynamic shape compilers.
"
P018.pdf,Publishable,"This paper is publishable due to its significant innovation in tackling plasticity loss in DRL with a novel ""plasticity injection"" framework. The research is rigorous, featuring a well-articulated methodology including diagnostic and adaptive capacity expansion strategies, supported by empirical evidence across diverse benchmarks that shows improvements in long-term performance and stability compared to state-of-the-art baselines. The framework is adaptable with minimal computational overhead which makes it promising for real-world applications. Furthermore, the paper's insights into plasticity loss contribute meaningfully to continual learning and the development of robust AI systems.
"
P019.pdf,Publishable,"This paper is publishable due to its originality and significant potential impact on tuberculosis treatment adherence. It tackles a crucial problem using real-world data, addressing the challenge of unrecorded interventions with a robust methodology. The innovative deep learning model (LEAP) demonstrates enhanced performance, interpretability, and adaptability to diverse clinical conditions. Its efficacy in risk prediction and outcome forecasting, coupled with decision-focused learning, provides valuable insights for resource allocation and patient care, making it highly relevant for both academic and clinical settings. The work is well-structured and methodologically sound.
"
P031.pdf,Unpublishable,"Based on the provided points, it's difficult to argue for unpublishability. All descriptions highlight novelty, effectiveness, and ethical awareness. While limitations exist (dataset scope, computational intensity), these are acknowledged and don't invalidate the core contribution. The paper consistently demonstrates state-of-the-art performance, innovative methodology, and a socially relevant application. Without knowing specific flaws not mentioned in these positive summaries, there's no clear justification for rejecting the paper. More critical reviews are needed to identify potential reasons for unpublishability, such as flawed methodology, irreproducible results, or lack of originality.
"
P025.pdf,Publishable,"This paper is publishable due to its novel scene parsing algorithm addressing key challenges like foreground class recognition and semantic context integration. It achieves state-of-the-art or near state-of-the-art results on SiftFlow and LMSUN datasets, demonstrating the effectiveness of its approach. The methodology is clearly explained, and experiments are well-designed, including comparisons to existing methods. A thorough discussion of limitations and potential future directions further strengthens the paper's value. The combined classifiers, global label costs, and detailed analysis showcase a robust and impactful contribution.
"
P033.pdf,Publishable,"This paper is publishable due to its innovative application of Stack LSTMs for end-to-end AMR parsing. It achieves competitive results without relying on external tools, demonstrating the effectiveness of character-based representations and pretrained embeddings. The work is technically sound, presenting a novel parsing algorithm and thorough ablation studies. Incremental improvements with linguistic features and clear explanations further strengthen the paper. Its contribution to AMR parsing and NLP, coupled with empirical validation, makes it a valuable addition to the field.
"
P027.pdf,Unpublishable,"Based on the provided reviews, the paper is unlikely to be *un*publishable. The reviews consistently highlight its value: addressing a gap, novel approach (EmojiVec), improved sentiment analysis accuracy, sound methodology, effective evaluation, practical applications, and clear presentation. While acknowledged as ""not groundbreaking,"" the consensus points towards a valuable, practical, and potentially influential contribution to social NLP, meriting publication. No red flags indicate rejection; the reviewers advocate for its contribution to the field.
"
P026.pdf,Unpublishable,"The paper is unpublishable due to a severe lack of scientific rigor. It makes unsubstantiated claims about telepathy, paranormal energy, and other pseudoscientific concepts without evidence. The methodology is poorly defined, experiments are anecdotal, and results lack statistical analysis. Irrelevant and outlandish tangents, like lunar influences or haunted mansions, further undermine its credibility. Ethical concerns are also inadequately addressed. While the generative AI concept is interesting, the paper's foundational flaws and reliance on pseudoscience prevent its acceptance in a reputable scientific publication. Substantial revisions focusing on empirical data and sound methodology are needed.
"
P032.pdf,Unpublishable,"The paper is unpublishable because it lacks scientific rigor, originality, and coherent argumentation. It's a nonsensical mix of pseudo-intellectual jargon and absurd claims, devoid of any valid methodology, data, or meaningful contribution. The writing is rambling, verbose, and intentionally obfuscating, resembling a parody of academic work. There's no discernible thesis, logical connection between concepts, or support for the conclusions. Essentially, it fails to meet the fundamental standards of academic clarity, coherence, and scholarly significance required for publication.
"
P036.pdf,Unpublishable,"The paper is unpublishable due to its lack of scientific rigor, coherence, and clear focus. It lacks a defined thesis, verifiable data, and logical reasoning. The text conflates unrelated concepts, mixes scientific ideas with fantastical elements (""flumplenooks,"" ""gloopernack cheese""), and jumps erratically between topics. It meanders without a clear methodology, results, or meaningful conclusions. The narrative, while imaginative, fails to meet the standards of clarity, structure, and scholarly value required for academic publication. It's a stream-of-consciousness lacking in demonstrable scientific principles or empirical evidence.
"
P022.pdf,Unpublishable,"The paper is unpublishable due to its reliance on unsubstantiated claims and fantastical ideas like ""drone telepathy"" and ""drone cults,"" lacking empirical evidence and scientific justification. The methodology is unclear, and results are presented without rigorous statistical analysis or replicable data. The paper delves into pseudoscience, further undermining its credibility. While originality is present, the absence of scientific rigor and the prevalence of unfounded, exaggerated claims disqualify it from publication, failing to meet established academic research standards.
"
P023.pdf,Publishable,"This paper presents a novel and well-grounded approach to saliency detection/eye fixation prediction based on the Reverse Hierarchy Theory.  It leverages coarse-to-fine processing, using unique techniques like image super-resolution and probabilistic modeling. Experiments are rigorous, using standard datasets and demonstrating competitive results against state-of-the-art models.  The methodology is clear, the writing is well-structured, and the paper makes a significant contribution to visual attention modeling. The work has potential for future extensions and is therefore publishable in a reputable journal or conference proceeding in computer vision or cognitive science.
"
P037.pdf,Publishable,"This paper is publishable due to its introduction of a valuable, novel Chinese span extraction dataset for machine reading comprehension, addressing a significant gap in linguistic diversity within the field. It offers a rigorous methodology encompassing data collection, annotation, and evaluation, including a challenging subset for complex reasoning. The dataset's value is further substantiated by baseline models, comparative analyses, human performance benchmarks, and its contribution to advancing research in Chinese MRC. Its clear methodology and impactful contributions solidify its position as a valuable resource for the NLP community.
"
P009.pdf,Publishable,"This paper is publishable due to its novel Online Ensembles of Basis Expansions (OEBEs) approach, generalizing Gaussian Process aggregation to encompass diverse Bayesian linear models and addressing a gap in online learning. Its key strengths lie in the well-justified methodology, consistent performance improvements over existing methods, the innovative integration of static and dynamic models, and the e-DOEBE model preventing weight collapse. Empirical evaluations across datasets, thorough analysis, and code availability solidify its value and contribution to the field of machine learning.
"
P021.pdf,Publishable,"This paper is publishable due to its novel approach to vehicle motion prediction, specifically addressing the challenging domain shift problem. Its well-defined methodology, employing a self-attention mechanism and custom loss function, is clearly presented and validated through ablation studies and baseline comparisons. Achieving 3rd place in the SHIFTS challenge offers strong evidence of its effectiveness. The paper's significant contribution lies in its practical relevance to improving the robustness of autonomous driving systems in real-world, shifting environments. Clear writing and strong experimental results further support its suitability for publication.
"
P035.pdf,Unpublishable,"The paper is unpublishable due to a severe lack of coherence and focus. It inexplicably jumps between game-theoretic optimization for crowdsourced delivery and neural style transfer in medical visualization. Methodologies introduce irrelevant and bizarre concepts like ""dreaming phases"" and ""virtual bees,"" while the results section discusses medical imaging despite the initial focus on delivery networks. The paper lacks a clear thesis, methodological rigor, and a coherent narrative, rendering it unsuitable for publication. The inconsistencies make it impossible to follow a logical argument or understand the presented research.
"
P034.pdf,Publishable,"This paper presents Dual PatchNorm (DPN), a novel and effective modification to Vision Transformers (ViTs), demonstrably improving performance across diverse tasks like image classification, contrastive learning, and semantic segmentation. Rigorous experimentation across multiple datasets and architectures reveals consistent improvements, validated by qualitative and quantitative analyses including gradient norm scaling. Ablation studies further solidify the design choices, showcasing robustness. The clear methodology, well-designed experiments, and significant performance gains make this a valuable and publishable contribution to the field of Vision Transformers.
"
P020.pdf,Unpublishable,"The paper is unpublishable due to its incoherent and unfocused nature. It lacks a clear research question and jumps between unrelated topics like protein structure prediction, architectural restoration, and fantastical AI applications. The methodology is convoluted, mixing musical compositions, olfactory predictions, and drone-based carving without logical connections. The results and conclusion are disjointed, blending technical metrics with emotional responses and surreal imagery. Ultimately, the paper lacks scientific rigor and logical flow, rendering it unsuitable for publication.
"
P008.pdf,Publishable,"This paper is publishable due to its internationally excellent quality and significant contribution to understanding chain-of-thought prompting. It provides novel theoretical insights and robust empirical evidence concerning sample complexity, approximation power, and generalization in LLMs. The comprehensive investigation, clear methodology, and detailed analysis significantly expand the current understanding of CoT and its application to reasoning tasks. The work's implications for improved model design, actionable insights for optimizing LLM training, and practical applications in AI further solidify its value and justify publication in a high-impact AI/ML journal.
"
